<?xml version="1.0" encoding="UTF-8"?>
<beans xmlns="http://www.springframework.org/schema/beans"
	xmlns:xsi="http://www.w3.org/2001/XMLSchema-instance"
	xmlns:int="http://www.springframework.org/schema/integration"
	xmlns:task="http://www.springframework.org/schema/task"
	xmlns:int-file="http://www.springframework.org/schema/integration/file"
	xmlns:int-ftp="http://www.springframework.org/schema/integration/ftp"
	xsi:schemaLocation="http://www.springframework.org/schema/task http://www.springframework.org/schema/task/spring-task-4.2.xsd
		http://www.springframework.org/schema/beans http://www.springframework.org/schema/beans/spring-beans.xsd
		http://www.springframework.org/schema/integration/file http://www.springframework.org/schema/integration/file/spring-integration-file-4.2.xsd
		http://www.springframework.org/schema/integration/ftp http://www.springframework.org/schema/integration/ftp/spring-integration-ftp-4.2.xsd
		http://www.springframework.org/schema/integration http://www.springframework.org/schema/integration/spring-integration-4.2.xsd">

	<int:gateway service-interface="com.oreilly.integration.FileWriterGateway"
		default-request-channel="ftpChannel"/>
				
	<bean id="ftpClientFactory" class="org.springframework.integration.ftp.session.DefaultFtpSessionFactory">
		<property name="host" value="localhost"/>
		<property name="port" value="21"/>
		<property name="username" value="kbowersox"/>
		<property name="password" value="password"/>
	</bean>
	
	<int-ftp:outbound-channel-adapter 
		session-factory="ftpClientFactory"
		channel="ftpChannel"
		remote-directory="files"
		remote-filename-generator-expression="headers['fileName']">
	</int-ftp:outbound-channel-adapter>
	
	<int:channel id="ftpChannel"/>
<!--  	
	<int-ftp:inbound-channel-adapter 
		session-factory="ftpClientFactory" 
		local-directory="file:src/test/write"
		remote-directory="files"
		channel="ftpChannel"
		delete-remote-files="true">
		<int:poller fixed-rate="5000"></int:poller>
	</int-ftp:inbound-channel-adapter>	
	
	<int:channel id="ftpChannel"/>
		
	<int:service-activator ref="filePrinter" method="print" input-channel="ftpChannel"/>
	
	<bean id="filePrinter" class="com.oreilly.integration.FilePrinter"/>
-->
</beans>
